{"cameraMode":{"drawMode":0,"name":"Shaded","section":"Shading Mode"},"sceneLighting":true,"audioPlay":false,"sceneViewState":{"m_AlwaysRefresh":false,"showFog":true,"showSkybox":true,"showFlares":true,"showImageEffects":true,"showParticleSystems":true,"showVisualEffectGraphs":true,"m_FxEnabled":true},"in2DMode":false,"pivot":{"x":0.2456095814704895,"y":2.079835891723633,"z":299.1393127441406},"rotation":{"x":-0.41621050238609316,"y":-0.010367835871875286,"z":0.004746092017740011,"w":-0.9091811776161194},"size":11.265154838562012,"orthographic":true}