{"cameraMode":{"drawMode":0,"name":"Shaded","section":"Shading Mode"},"sceneLighting":false,"audioPlay":false,"sceneViewState":{"m_AlwaysRefresh":false,"showFog":true,"showSkybox":false,"showFlares":true,"showImageEffects":true,"showParticleSystems":true,"showVisualEffectGraphs":true,"m_FxEnabled":true},"in2DMode":false,"pivot":{"x":-0.07957172393798828,"y":2.1700000762939455,"z":188.190673828125},"rotation":{"x":-0.3770976662635803,"y":-0.05219750478863716,"z":0.021291745826601983,"w":-0.9244568347930908},"size":7.697268962860107,"orthographic":true}