{"cameraMode":{"drawMode":0,"name":"Shaded","section":"Shading Mode"},"sceneLighting":false,"audioPlay":false,"sceneViewState":{"m_AlwaysRefresh":false,"showFog":true,"showSkybox":false,"showFlares":true,"showImageEffects":true,"showParticleSystems":true,"showVisualEffectGraphs":true,"m_FxEnabled":true},"in2DMode":false,"pivot":{"x":-0.011113643646240235,"y":2.2168641090393068,"z":121.811767578125},"rotation":{"x":-0.3770976662635803,"y":-0.05219750478863716,"z":0.021291745826601983,"w":-0.9244568347930908},"size":7.698033332824707,"orthographic":true}